Model Name,Precision,Recall,F1-Score,Accuracy
Logistic Regression,0.8026960784313725,0.7647058823529411,0.7381689517912428,0.7647058823529411
Decision Tree,0.769081643957018,0.7205882352941176,0.6762459439221233,0.7205882352941176
Random Forest,0.8220338983050847,0.75,0.7103253182461104,0.75
SVC,0.6985294117647058,0.6764705882352942,0.6193771626297577,0.6764705882352942
